1,From the Edge of Reality,FromTheEdge.md
2,Mother Nature,Part1.md
3,My Back Yard,BackYard.md
4,The Dawn,Dawn.md
5,The Eagle,Eagle.md
6,First Ones,FirstOnes.md
7,Sea of Glass,SeaOfGlass.md
8,Morning Coffee,Coffee.md
9,In the Moonlight,Moonlight.md
10,Mauna Kea at First Light,MaunaKea.md
11,Sunset,Sunset.md
12,Sunrise,Sunrise.md
13,Human Nature,Part2.md
14,Deep and Wide,DeepWide.md
15,I Miss You,MissYou.md
16,Control Issues,Control.md
17,Gift of Today,GiftOfToday.md
18,Running on Empty,RunningEmpty.md
19,Principles of Happiness,Happiness.md
20,Food Fun,FoodFun.md
21,One True Love,TrueLove.md
22,12 Days of Valentine,Valentine.md
23,After the Coma,Coma.md
24,Mansplaining,Mansplaining.md
25,When Darkness Comes,Darkness.md
26,The Night We Met,NightWeMet.md
27,Year of Tears,Tears.md
28,Stubbed,Stub.md
29,Touched With Fire,TouchedWithFire.md
30,The Beast,Beast.md
31,Herd Nature,Part3.md
32,The Pacifist,Pacifist.md
33,Born For This,BornForThis.md
34,The Right Order,RightOrder.md
35,Descent Into Hatred,Hatred.md
36,Generation Gap,Generation.md
37,Lord of the Amazon,Amazon.md
38,The Emperor Has Fallen,Emperor.md
39,Holders of Wealth,Wealth.md
40,I Don't Believe It,DontBelieve.md
41,Two Kinds of People,TwoKindsOfPeople.md
42,Spiritual Nature,Part4.md
43,American Jesus,AmericanJesus.md
44,Hour of the Wolves,Wolves.md
45,Two Invitations,Invitations.md
46,Fruit that Lasts,Fruit.md
47,Step Into the Dark,StepIntoDark.md
48,Living My Now,Now.md
49,Learning to Grieve,Grief.md
50,Go with God,GoWithGod.md
51,What is a Mother?,Mother.md
52,Never a Straight Line,StraightLine.md
53,Good News?,GoodNews.md
54,What is a Hero?,Heroes.md
55,Life's Greatest Questions,LifeQuestions.md
56,To DO and To BE,DoBe.md