The Leverage Principle,1,The Leverage Principle
The Leverage Principle,2,Technical Debt
The Leverage Principle,3,Best Practices = Leverage
The Leverage Principle,4,Technology Leverage
The Leverage Principle,5,Architectural Leverage
The Leverage Principle,6,Code Leverage
The Leverage Principle,7,Test Leverage
The Leverage Principle,8,Release Cycles
The Leverage Principle,9,Services Architecture
The Leverage Principle,10,Application Deployment
The Leverage Principle,11,Monitoring Operations
The Leverage Principle,12,Knowledge Management
The Leverage Principle,13,Teamwork
The Leverage Principle,14,Learning
